{"cameraMode":{"drawMode":0,"name":"Shaded","section":"Shading Mode"},"sceneLighting":false,"audioPlay":false,"sceneViewState":{"showFog":true,"showMaterialUpdate":false,"showSkybox":false,"showFlares":true,"showImageEffects":true,"showParticleSystems":true,"showVisualEffectGraphs":true,"m_FxEnabled":true},"in2DMode":false,"pivot":{"x":-0.10695695877075196,"y":1.7119827270507813,"z":0.015362262725830078},"rotation":{"x":-0.009882250800728798,"y":0.9685336947441101,"z":-0.24565553665161134,"w":-0.03895971179008484},"size":10.295662879943848,"orthographic":false}